Token,Item Name,Variation Name,Unit and Precision,SKU,Description,Category,Price,Option Name 1,Option Value 1,Current Quantity Visual Impact Detail Shop,New Quantity Visual Impact Detail Shop,Stock Alert Enabled Visual Impact Detail Shop,Stock Alert Count Visual Impact Detail Shop,Tax - Brunswick County Sales Tax (6.75%),Tax - New Hanover County Sales Tax (7%),Tax - Onslow County Tax (7%),Tax - Pender County Sales Tax (6.75%)
MO6B3QX3AESM3HNK5R4L4JKK,#dbc_taco Air Freshener,Regular,,,,DBC Products,2.99,,,,,,,Y,N,N,N
ETYSKRUE7AHL6OV3UOJX22GG,1 Inch Rotary Backing Plate,Regular,,,,Retail Products,5.99,,,3,,,,Y,N,N,N
DY6GKUMDK6FQQKZPY7MISK6D,1st Stage Paint Correction,Regular,,,,Highline and Concours Level Services,variable,,,,,,,Y,Y,Y,Y
DFZXDK5GKM6IVACRLUXAVLL6,2 Inch DA Backing Plate,Regular,,,,Retail Products,4.99,,,,,,,Y,N,N,N
EAHITA5YC7FKGOCIKJ46WZBM,2 Inch Pads,Regular,,,,Retail Products,2.99,,,,,,,Y,N,N,N
5HEWABQSHZPKZLLW2ZK34L7Q,2 Inch Rotary Backing Plate,Regular,,,,Retail Products,3.99,,,,,,,Y,N,N,N
GGGBHIH2XYPXV4VYHP3J3UGB,210 Plastic Polish,Regular,,,,Retail Products,15.99,,,,,,,Y,Y,Y,Y
6TAPTHNKMGLFWZC5J43XEJ7F,3 Bucket Wash Setup,Regular,,,,Retail Products,29.99,,,,,,,Y,N,N,N
HJFTYVRU4UQUHX7BFXT3DNJH,3 Inch DA Backing Plate,Regular,,,,Retail Products,8.99,,,,,,,Y,N,N,N
A6BGSJY7IPLYIPKN3VQ3QKKC,3 Inch Pads,Regular,,,,Retail Products,3.99,,,,,,,Y,N,N,N
TNDBS6U3W5WCTMK55WOIT4C4,3 Inch Rotary Backing Plate,Regular,,,,Retail Products,5.99,,,,,,,Y,N,N,N
EHKHMDQKBJB5ORV7ORHFZ3TR,5 Gallon Bucket,Regular,,,,Retail Products,6.99,,,,,,,Y,Y,Y,Y
BZIKVVCI5CUDGFAWXIPR44S5,5 Inch DA Backing Plate,Regular,,,,Retail Products,12.99,,,,,,,Y,Y,Y,Y
UBTMKDTFDQ4ORPALCBER3RXP,"5"" Rag Company Foam Pads",Regular,,,,Retail Products,variable,,,,,,,Y,N,N,N
LIYYGMTXIJJPH3B4G7OAVIAU,"5"" Rag Company Foam Pads","Polishing, Green",,RC 5 POLISH,,Retail Products,8.99,,,4,,,,Y,N,N,N
NB2VVJYN65VXFS4ZENNE6EOL,6 Inch DA Backing Plate,Regular,,,,Retail Products,9.99,,,,,,,Y,Y,Y,Y
NKVPSMAA44UBZHE3OHIMQ3IR,7 Inch Rotary Backing Plate,Regular,,,,Retail Products,7.99,,,,,,,Y,N,N,N
ITWAVAE5G26ESP6SURXZNRGS,Adam's Ceramic Waterless Wash,Regular,,,,Retail Products,15.99,,,,,,,Y,N,N,N
F6XESTVJBZMTPAWQ7H6JYYIB,Ardex Topaz Paste Wax,Regular,,,,Retail Products,19.99,,,,,,,Y,N,N,N
2525XZAKVWKIVNBPQI4P3S6V,Auto Vent Detail Tool,Regular,,,,Retail Products,1.50,,,,,,,Y,N,N,N
C5Q66LYBA4ML5XW45VRAXBTK,Beaver Body Wax,Regular,,,,Retail Products,14.99,,,,,,,Y,N,N,N
W3WEOPP6QPOBBNMIJSXXHJUK,Big Boy Detail Brush,Regular,,,Boars hair bristles,Retail Products,12.99,,,,,,,Y,Y,Y,Y
2DQKGHMIEKF7UEGBKLJU4IND,Brass Air Regulator,Regular,,,,Retail Products,12.99,,,,,,,Y,N,N,N
IAUQQB5NRNHJPUG2KKUCQFZK,Bronze Exterior Only,Regular,,,,Exterior Services,35.00,,,0,,,,Y,Y,Y,Y
3HWVPYXME4E5CXIVREUOITTJ,Bronze Exterior Only,"Truck, SUV",,,,Exterior Services,45.00,,,0,,,,Y,Y,Y,Y
4L3ZLBKSIURFI2GNIPXHMJJH,Bronze Exterior Only,Oversize,,,,Exterior Services,55.00,,,,,,,Y,Y,Y,Y
JU3GGWERXNPWYFJN2BY26DQ7,Bronze Interior Only,Regular,,,,Exterior Services,35.00,,,0,,,,Y,Y,Y,Y
MTVBEIMGHQ6CNMUKDOQ4S2DL,Bronze Interior Only,"Truck, SUV",,,,Exterior Services,45.00,,,0,,,,Y,Y,Y,Y
NZX3GEVHOLJJNXRUNMX5AFHF,Bronze Interior Only,Oversize,,,,Exterior Services,55.00,,,,,,,Y,Y,Y,Y
IVAAOYWRIENWZSGYOF4YN2SD,Buff Screw Rotary To DA Adapter,Regular,,,,Retail Products,8.99,,,,,,,Y,N,N,N
X2GXEXPLRZ7OCV7JFCAKGC6V,Buff Screw Rotary To Drill Adapter,Regular,,,,Retail Products,6.99,,,,,,,Y,N,N,N
SFDKHL7UFACLHBZBSN2667G5,Bug Scrub Brick,Regular,,,Soak in water to soften up before use,Retail Products,3.99,,,,,,,Y,N,N,N
6CMW4CWXIKAIABKQCEIGQOKT,Bug Sponge,Regular,,,,Retail Products,2.99,,,,,,,Y,Y,Y,Y
JR2R2TLDYNLBALUOKOPLQY4T,Cabin Air filter Replacement,Regular,,,,Ala Carte,18.00,,,,,,,Y,N,N,N
4SDFLCTFSG4HISKWLBNM7AM7,California Love,Regular,,,,Retail Products,9.97,,,,,,,Y,N,N,N
6PVAMFSF2X7KOVMQP5DS5ZJN,Carbrite 6 Inch Microfiber Pads,Regular,,,,Retail Products,14.99,,,,,,,Y,N,N,N
U6HF7FJI2MNVLYA4MYQC4CIL,Carbrite 6.5 Inch Select Pads,Lambs Wool Cutting\Polishing,,079933964499,,Retail Products,16.99,,,1,,,,Y,N,N,N
M7YF5IWES26CYSIMIDHQXXYX,Carbrite 6.5 Inch Select Pads,Heavy Cut Foam Pad,,079933964482,,Retail Products,14.99,,,1,,,,Y,N,N,N
ZYDIK3CBTE74BZYY2UFJGTPK,Carbrite 6.5 Inch Select Pads,Medium Polish Foam Pad,,079933964475,,Retail Products,14.99,,,1,,,,Y,N,N,N
ZHHMUL7I4ZFVSX52SXRZ3GOP,Carbrite 6.5 Inch Select Pads,Final Finish Foam Pad,,079933964468,,Retail Products,14.99,,,2,,,,Y,N,N,N
PHWUB52CDTNB665HCGLZTBF2,Carbrite Black Pearl Ceramic Speed Spray,Regular,,,,Retail Products,89.99,,,,,,,Y,N,N,N
ZLXZQULS2NWWB2FLUV766UPM,Carbrite Clay Mitt,Regular,,,,Retail Products,59.99,,,,,,,Y,N,N,N
SF3NG4Q6URL7P5JFDUG6YUTU,Carbrite Leather Conditioner,Regular,,,,Retail Products,19.99,,,,,,,Y,N,N,N
TB3N7O7PURWQEQUGP5WFRZF3,Carbrite Non-Silicone Dressing Spray,Regular,,,,Retail Products,9.99,,,,,,,Y,N,N,N
I4FS3LFJDORFIA2KEZVOAYIC,Carbrite Odor Eliminator Fogger,Regular,,,,Retail Products,6.99,,,,,,,Y,N,N,N
K6W4WXIOZY66TL7BBCYM5GOT,Carbrite See Spot Go,Regular,,,,Retail Products,7.99,,,,,,,Y,Y,Y,Y
2OON25ZQLNWVEOMUNG6672DP,Carbrite Xtra Duty Plus,Regular,,,,Retail Products,7.99,,,,,,,Y,Y,Y,Y
V6OAVJYID4LS4IBKMS32GJAM,Carpet And Upholstery Scrub Brush,Regular,,,,Retail Products,8.99,,,,,,,Y,N,N,N
DEGNFE5ZLMEHZXYAGWCDYAI2,Carpro Essence 250ml,Regular,,,,Retail Products,24.99,,,,,,,Y,N,N,N
GOQRYMWNAQOJZDLZERXAG4BE,Carpro Reload,Regular,,,,Retail Products,12.99,,,,,,,Y,N,N,N
7DIDHJJQ4ME6ZWQPAU6IEQZ3,Chemical Guys Clean Slate,Regular,,,,Retail Products,10.99,,,,,,,Y,N,N,N
4SIGJNHXD4O7CY7J47AOOPH2,"Chemical Guys El Gordo 16""x16"" Microfiber Towel 3 pack",Regular,,816276014050,"Chemical Guys El Gordo Extra Thick Supra Green Microfiber Towels are fine quality towels for waterless washes and general-purpose detailing. Green El Gordo Extra Thick Supra Towels are versatile enough for all interior and exterior detailing applications because they are soft, durable, and scratch-free.",Retail Products,7.99,,,3,,,,Y,N,N,N
Q3MGQZYDW7CDGVQ7TF2YILBV,Chemical Guys Hex Logic 5 Inch Pad,"Medium-Heavy Cutting Pad, Orange",,816276013381,,Retail Products,11.99,,,1,,,,Y,Y,Y,Y
MFJ6QGNCPOAWAYFWLBNOWHP6,Chemical Guys Hex Logic 5 Inch Pad,"Heavy Polishing Pad, Green",,HL 5 GRN HP PAD,,Retail Products,11.99,,,1,,,,Y,Y,Y,Y
FKVKBV4YIHT4HNL64KU6MCIH,Chemical Guys Hex Logic 5 Inch Pad,"Light-Medium Polishing Pad, White",,816276013473,,Retail Products,11.99,,,1,,,,Y,Y,Y,Y
6DYVCE77JBZM2U6NBAZ5APYU,Chemical Guys Hex Logic 5 Inch Pad,"Finishing Pad - Glaze/Polish, Blue",,816276013503,,Retail Products,11.99,,,2,,,,Y,Y,Y,Y
L2ZPVQXXPGRE5G5RARZQTEPG,Chemical Guys Hex Logic 5 Inch Pad,"Finishing Pad - Wax/Sealant, Black",,816276013527,,Retail Products,11.99,,,1,,,,Y,Y,Y,Y
3WCYO5CPH4745USXC5BAIEZ2,Chemical Guys Hex Logic 5 Inch Pad,"Ultra Soft Finishing Pad, Red",,816276013558,,Retail Products,11.99,,,1,,,,Y,Y,Y,Y
D6FVX2V26C2SSLL3CUPR7CAX,Chemical Guys Meticulous Matte Soap,Regular,,,,Retail Products,9.99,,,,,,,Y,N,N,N
7G2IEATDDSWP6XNNNTPRMKYY,Chemical Guys Polishing Pad Cleaner,Regular,,,,Retail Products,9.99,,,,,,,Y,N,N,N
JKQNPS7SISOBWUQPRDYPO6CP,Clay Treatment,Coupe,,,,Tier 3 Coating Maintenance Tasks,60.00,,,,,,,Y,N,N,N
2OZTXTPEZUNK3P3KEHXMLCNR,Clay Treatment,Sedan,,,,Tier 3 Coating Maintenance Tasks,70.00,,,,,,,Y,N,N,N
KYAA2BBOD7QQGP47NO33AUU3,Clay Treatment,SUV/Truck,,,,Tier 3 Coating Maintenance Tasks,90.00,,,,,,,Y,N,N,N
S3ND6BZDCQYE4INZJ4MUJ3R4,Clay Treatment,Oversize,,,,Tier 3 Coating Maintenance Tasks,110.00,,,,,,,Y,N,N,N
OU7TFFIZB4B45YTNIOI2HW6Q,Coating Application,Regular,,,,Highline and Concours Level Services,variable,,,,,,,Y,Y,Y,Y
GE6DVUK6I3V2RRETPECHZ5BO,Collinite 920,Regular,,,,Retail Products,10.99,,,,,,,Y,Y,Y,Y
J2LTSJD47IR7KUZWCPTTSLGU,DA Repair Tools,Regular,,,,Retail Products,3.99,,,,,,,Y,N,N,N
473SP57KKI2RLLAEQJU7J3F6,DBC Golf Ball,Regular,,,,DBC Products,3.99,,,,,,,Y,N,N,N
YCFQYR4NFMWQYSGHMHSP6W6Q,DBC Sunglasses,Regular,,,,Retail Products,3.99,,,,,,,Y,N,N,N
32AMA3NEDXAQD2XQLGUEDM4U,Detail Brush,Regular,,,"Horsehair bristles
For engines, wheels, interiors",Retail Products,3.99,,,,,,,Y,N,N,N
OYP5CVCC5XT5KYGA5BXHWGYD,Diamond Exterior Only,Regular,,,,Exterior Services,280.00,,,,,,,Y,Y,Y,Y
HUPQ2RHJ4DB6TVRNHED5ZQ4N,Diamond Exterior Only,Large,,,,Exterior Services,310.00,,,,,,,Y,Y,Y,Y
HVYQBJRGY6JP5WV7HYBSPNTL,Diamond Exterior Only,Oversize,,,,Exterior Services,340.00,,,,,,,Y,Y,Y,Y
JLU2VQLPO7CGMAM7TA4O7QO3,Diamond Interior Only,Regular,,,,Exterior Services,280.00,,,,,,,Y,Y,Y,Y
BPGL4HHBR72ES6J5UUYDO2IZ,Diamond Interior Only,Large,,,,Exterior Services,310.00,,,,,,,Y,Y,Y,Y
QIRSNJLHIVEBUXDEX3M3IQYC,Diamond Interior Only,Oversize,,,,Exterior Services,340.00,,,,,,,Y,Y,Y,Y
3DAGY2EFK7W5GBHDPLP2PXJM,Dodo Juice Born To Be Mild Shampoo,Regular,,,,Retail Products,14.99,,,,,,,Y,N,N,N
DNLAZORDB5OY7U4XPYPJVH7N,Double-ended Nook And Cranny Brush,Regular,,,"Medium weight synthetic nylon bristles.
Remove built up gunk in nooks and crannies of vehicle interiors ",Retail Products,4.99,,,,,,,Y,N,N,N
GYUWJXWMKKDLGIFQTNWGDKFW,Duragloss 542 Mildew Cleaner,Regular,,091777005428,"Duragloss Marine and RV Cleaner with Mildew Buster is a specially formulated blend of surfactants that penetrate and emulsify to make short work of mildew and stubborn stains on vinyl, fiberglass, tiles and other non-porous surfaces on the boat or RV. It is a quick solution that revives mildew-stained surfaces and makes them look new again. It works great inside and outside of the boat or RV. Use it to remove mildew, oil and grease from exterior fiberglass, or use it inside on vinyl seats or countertops. It's quick and easy to get the boat looking its best for an afternoon outing. Integrate it into the regular cleaning routine to keep stubborn stains at bay. Work in a ventilated area. Spray liberally on surface to be cleaned. Allow to dwell for 1-2 minutes and rinse thoroughly with clean water. Repeat as necessary for stubborn stains. Wash hands after use. Note: Make sure to avoid contact with clothing, fabric, wood, metal and porcelain surfaces. Not recommended for highly polished aluminum surfaces. ",Retail Products,29.99,,,1,,,,Y,N,N,N
QELPGVQJTKLMOBIWPNI74NDR,Duragloss Bug Remover,Regular,,,,Retail Products,15.99,,,,,,,Y,N,N,N
VJHIBFYLVSYL5WSBA7KKVGXW,Duragloss Marine And RV Protectant,Regular,,,,Retail Products,12.99,,,,,,,Y,N,N,N
3SXCZXBIDDQJ53BYCWRMNOWL,Duragloss Marine And RV Wash,Regular,,,,Retail Products,29.99,,,,,,,Y,N,N,N
WY2QLCXYTI5QW3PCRO5ST7JN,Duragloss Mildew 16 Oz,Regular,,091777005411,"Duragloss Marine and RV Cleaner with Mildew Buster is a specially formulated blend of surfactants that penetrate and emulsify to make short work of mildew and stubborn stains on vinyl, fiberglass, tiles and other non-porous surfaces on the boat or RV. It is a quick solution that revives mildew-stained surfaces and makes them look new again. It works great inside and outside of the boat or RV. Use it to remove mildew, oil and grease from exterior fiberglass, or use it inside on vinyl seats or countertops. It's quick and easy to get the boat looking its best for an afternoon outing. Integrate it into the regular cleaning routine to keep stubborn stains at bay. Work in a ventilated area. Spray liberally on surface to be cleaned. Allow to dwell for 1-2 minutes and rinse thoroughly with clean water. Repeat as necessary for stubborn stains. Wash hands after use. Note: Make sure to avoid contact with clothing, fabric, wood, metal and porcelain surfaces. Not recommended for highly polished aluminum surfaces. ",Retail Products,11.99,,,1,,,,Y,Y,Y,Y
3POLX2J4PIYHSJHSZ54RMCUY,Eliminator,Regular,,,,Retail Products,14.97,,,,,,,Y,N,N,N
BG4ZWEG6M3WJ7QCUBMUNBPCA,Engine Detail,Basic,,,,Ala Carte,40.00,,,,,,,Y,Y,Y,Y
MC5J6XJEJXSLTPWHING6KPBV,Engine Detail,Full,,,,Ala Carte,120.00,,,,,,,Y,Y,Y,Y
5DGPEN3KLISA6RDECKXTA3KG,Environmental Contaminant Removal,Regular,Hour 1.00,,,Tier 3 Coating Maintenance Tasks,40.00,,,,,,,Y,N,N,N
LX7WFOYLNPDSN52TNOJC6VH3,Extra Soft Long Handle Wash Brush,Regular,,079038858150,,Retail Products,14.99,,,1,,,,Y,N,N,N
QAZTXZBQHJL7B7SFEXXCQPWI,Extra Soft Wash Brush,Regular,,079038858129,,Retail Products,9.99,,,1,,,,Y,N,N,N
WDZ4O26DYCZWLYVNHSKP6WMK,Feynlab Ceramic Lite,Regular,,,,,variable,,,,,,,Y,Y,Y,Y
N4UXVFHK4E2T2QYKYEQKNL6T,Feynlab Ceramic Spray Sealant,Regular,,,,Retail Products,32.99,,,,,,,Y,N,N,N
XMGBFXEEOTM4P7JVANHOOBOH,Feynlab Detailer V2,Regular,,,,Retail Products,18.99,,,,,,,Y,Y,Y,Y
BWI43KACJYLUNTQQWL6EHJJQ,Feynlab Leather Treatment,Regular,,,,Retail Products,16.99,,,,,,,Y,N,N,N
GJMZCQSRRXXW4GVBNGLKVURD,Feynlab Panel Prep,Regular,,,,Retail Products,16.99,,,,,,,Y,N,N,N
KLHSFWD7JBLQO35HCZOWSG4M,Feynlab Purewash,Regular,,,,Retail Products,17.99,,,,,,,Y,Y,Y,Y
YL6Z4QUVZ3GSZUCMMCL67PQC,Feynlab Wash,Regular,,,,Retail Products,14.99,,,,,,,Y,N,N,N
5VCWW5ZVLFDWJKTNKLDO7C6U,Flightshield Surface Pretreatment (SPT),Regular,,,,Retail Products,24.99,,,,,,,Y,N,N,N
H4QF5K2H5RGKKMVYLOFVWZDR,Flightshield Treated Surface Cleaner (TSC),Regular,,,,Retail Products,37.95,,,,,,,Y,Y,Y,Y
WYYV2MZEXX6KGRYQJ5AKZ3LT,Foam Cannon,Regular,,,,Retail Products,29.99,,,,,,,Y,N,N,N
5JKH24WU6NO7QSXW64GCWUIZ,Gift Certificate,Regular,,,,,variable,,,,,,,Y,Y,Y,Y
HXU7UEBXELXBRWMSXM6HYGLA,Glass Coating,Regular,,,,Highline and Concours Level Services,variable,,,,,,,Y,Y,Y,Y
XMOXCMRVSYEQL33BWVLYYK25,Gold Exterior Only,Regular,,,,Exterior Services,110.00,,,-1,,,,Y,Y,Y,Y
A3RZ5LWMCRPN3NEYPLISMZUH,Gold Exterior Only,"Truck, SUV",,,,Exterior Services,130.00,,,0,,,,Y,Y,Y,Y
K4SIIX7HFGSFAJGSPW5MJA6A,Gold Exterior Only,Oversize,,,,Exterior Services,150.00,,,,,,,Y,Y,Y,Y
E2H2U4EQEV7J6IRA5E7B3PI7,Gold Interior Only,Regular,,,,Exterior Services,110.00,,,-2,,,,Y,Y,Y,Y
OY5WBMLDLXDMWXDLNAADPBBG,Gold Interior Only,"Truck, SUV",,,,Exterior Services,130.00,,,-2,,,,Y,Y,Y,Y
2HUMNH4NM4ZVIULT43PJABYM,Gold Interior Only,Oversize,,,,Exterior Services,150.00,,,,,,,Y,Y,Y,Y
MLGW5SFPI5DLGECMFY6Z5FUG,Green 280 GSM 16x16in Microfiber Metalwork Towel,Regular,,,"Perfect for metal work. Lower pile, 280gsm, 80/20 blend. 16 x 16 inches",Retail Products,0.60,,,,,,,Y,N,N,N
US57GPBN3ZR4D3AUTLJWJL7G,Green Monster Korean Split Microfiber Mitt,Regular,,monster,"The Green Monster Hybrid Car Wash Mitt is a uniquely designed wash mitt/pad that helps you wash safely and thoroughly! This innovative design features different lengths and densities of fibers. The shorter, more dense, white fibers expand and hold the suds while the longer green fibers gently agitate dirt and grime on the surface of your car. This combo allows you to glide the Green Monster across the paint, pulling dirt and grime from the surface safely and easily. At 9"" x 9"", you can place the pad securely on your hand and use it as a wash mitt or place your hand directly on top of the Green Monster and use it as a wash pad.
NOTE: The pad comes out of the bag a little stiff. Get it wet, wring it out, and twist it a few times. This will help the pad loosen up for the perfect stiffness during washing.
",Retail Products,10.99,,,1,,,,Y,N,N,N
M6UNI2PR6SI4PNFH2JYCWGHJ,Grit Guard,Regular,,,,Retail Products,9.99,,,,,,,Y,Y,Y,Y
MMA77HACFRV7TU3WJOLRHGRX,Grit Guard Washboard,Regular,,,,,12.99,,,,,,,Y,Y,Y,Y
VZXOOOQTPQBJRQF2QWXP7F4U,GTechniq C2v3 Liquid Crystal,500ml,,,,Retail Products,31.99,,,,,,,Y,Y,Y,Y
D2Q62HMGNYMT4QKKK6TINM2T,GTechniq C2v3 Liquid Crystal,250ml,,,,Retail Products,15.99,,,,,,,Y,Y,Y,Y
SJQGU7NJHKBSXWVWFPELUHPD,GTechniq G Wash,Regular,,,,Retail Products,11.99,,,,,,,Y,N,N,N
UF3A5GH4Q67WITLX4S64CIYR,Gtechniq W6 Iron Fallout Remover,Regular,,,,Retail Products,10.99,,,,,,,Y,N,N,N
DMEMLJIRM5L2LNAJRGMQ35OR,Gyeon Bathe +,Regular,,,,Retail Products,22.99,,,,,,,Y,Y,Y,Y
IFK6TWWJPLBNNHPPK5CPZJ3S,Gyeon Bug And Grime,Regular,,,,Retail Products,11.99,,,,,,,Y,N,N,N
MKTIB4FEWXUGTAKNG6DBKZHI,Gyeon Compound,Regular,,,,Retail Products,11.99,,,,,,,Y,N,N,N
3U7A4VX55KHOO5ZOFMD7JWRZ,Gyeon Compound Plus,Regular,,,,,12.99,,,,,,,Y,N,N,N
BCDETIEZEI5AQJLRVW525V23,Gyeon Cure,Regular,,,,Retail Products,32.99,,,,,,,Y,N,N,N
T5UZM6QTUAABLYYNJQRXIMEK,Gyeon Foam,Regular,,,,Retail Products,24.99,,,,,,,Y,N,N,N
UM57UVCUDRPKJ3MMNQUR4J3A,Gyeon Glass,Regular,,,,Retail Products,11.99,,,,,,,Y,N,N,N
KMINDM3YTC3MEJU3ALI5FJYN,Gyeon Iron,Regular,,,,Retail Products,19.95,,,,,,,Y,Y,Y,Y
OBKKO4XQTIROGC7KL66QBL4A,Gyeon Leather Cleaner,Regular,,,,Retail Products,17.99,,,,,,,Y,N,N,N
4MWUPRBM7FEYR43SUV2G5MZI,Gyeon Polish,Regular,,,,Retail Products,12.99,,,,,,,Y,N,N,N
MRR4GOFD7LYQFIXT5T3QQVJ4,Gyeon Prep,500ml,,,,Retail Products,16.99,,,,,,,Y,N,N,N
SSJAO7RK4GCDADFTXSI7R5IE,Gyeon Prep,1000ml,,,,Retail Products,22.99,,,,,,,Y,N,N,N
TO7HVPSQEUD76FUF3YLQGX2R,Gyeon Primer,Regular,,,,Retail Products,15.99,,,,,,,Y,Y,Y,Y
5IV5RAOLUYLBEKESW73EVQOI,Gyeon Tar,Regular,,,,Retail Products,17.99,,,,,,,Y,N,N,N
XEVIHCHLTGYPAFY5B5EYXVCN,Gyeon Tire,Regular,,,,Retail Products,21.99,,,,,,,Y,N,N,N
B35P5HH4CXQPA3HOTFSGKAP7,Gyeon Towel Wash,Regular,,,,Retail Products,16.95,,,,,,,Y,Y,Y,Y
ULQTPMUMPD2CXGXMDSOGOUGX,Gyeon Vinyl Cleaner,Regular,,,,Retail Products,21.99,,,,,,,Y,N,N,N
5SLWHAK5XL25IXYPR5RYZE22,Gyeon Water Spot,Regular,,,,Retail Products,12.99,,,,,,,Y,N,N,N
NDVIHM5GU2QL4PVRFI5VNPW5,Gyeon Wetcoat,Regular,,,,Retail Products,18.99,,,,,,,Y,N,N,N
WVCMK2R5LO7C6B2O7J7VVZUO,Headlight Restoration,,,,,Ala Carte,50.00,,,,,,,Y,Y,Y,Y
QNLQKSWSQ3JBYQCYFQALTDDT,Hydro Guard,Regular,,703205842481,,Retail Products,19.97,,,7,,,,Y,N,N,N
3U3YMFSZ6U3NCEM7QMTVEDX6,Hydrosilex Marine,Regular,,,,Retail Products,14.99,,,,,,,Y,N,N,N
TVCF2PCUUXZA6W5XD7XOQRKZ,Hydrosilex Recharge,Hydrosilex Recharge 16 Oz,,,"Ceramic surface spray coating designed to enhance appearance, provide coating benefits with ease, and reduce frequency of maintenance services. 

Safe on paint, ceramic coatings, bare metal, stainless steel, aluminum, glass, plastic, fiberglass, stone, marble tiles, and more.",Retail Products,34.99,,,,,,,Y,Y,Y,Y
RPXLOSTKFL6ERHS6MYSIHNCC,Hydrosilex Recharge,Hydrosilex Recharge 4 Oz,,,,Retail Products,8.99,,,,,,,Y,Y,Y,Y
2HFJGHRNZVX6WEUKOV2SSZNM,Hydrosilex Silica Soap,Regular,,,"Ceramic aftercare maintenance soap. 

Usable on  coated and uncoated vehicles, boats, and RV's",Retail Products,16.99,,,,,,,Y,Y,Y,Y
NR7NWWF5IPGKRVE5P5OOK5ER,IGL Ecocoat Premier,Regular,,,,Retail Products,12.99,,,,,,,Y,N,N,N
NYS5AFHNC3NX3LUKSOQ3PKQV,Interior Protection Package,Regular,,,,Highline and Concours Level Services,variable,,,,,,,Y,Y,Y,Y
G5B2FCAI6XFWZVAWZQCJHHCI,Iron Fallout Removal,Coupe,,,,Tier 3 Coating Maintenance Tasks,20.00,,,,,,,Y,N,N,N
3HAPGOR6AO6ZXUJYRE7ZDEBA,Iron Fallout Removal,Sedan,,,,Tier 3 Coating Maintenance Tasks,30.00,,,,,,,Y,N,N,N
E7JB2LOE6OLD56H6DDCE2E4C,Iron Fallout Removal,SUV/Truck,,,,Tier 3 Coating Maintenance Tasks,40.00,,,,,,,Y,N,N,N
Y63JVO4X2JDQF434MUDJKXXE,Iron Fallout Removal,Oversize,,,,Tier 3 Coating Maintenance Tasks,50.00,,,,,,,Y,N,N,N
YGY7NVBXN3I6D2PRAE5ZTQBJ,Kiss My Glass,Regular,,,,Retail Products,6.97,,,,,,,Y,N,N,N
HQ2GRQUEOTZK3FAH6M4DPWVA,Koenig Spray Polish,Regular,,,,Retail Products,9.99,,,,,,,Y,N,N,N
I6NVKCWLMUMTVUPB5I6CLCDU,Korean Split Microfiber Mitt,Regular,,,,Retail Products,12.99,,,,,,,Y,N,N,N
C6Q7K4VL7MNIHQWW7XFQFE6X,Landslide,Regular,,,,Retail Products,19.97,,,,,,,Y,N,N,N
HU6R3V6FDG64GMXDYETZ2UXM,Leather 2 Part Clean And Condition,Regular,,,,Add-On Services,20.00,,,,,,,Y,Y,Y,Y
3BHXMKYEXMCHB5SKXORF2JCQ,Leather Clean & Condition,1 Row of Seating,,,,Ala Carte,40.00,,,,,,,Y,Y,Y,Y
GGUZW7DUGCI7NXX6B7RXBCA5,Leather Clean & Condition,Two Rows of Seating,,,,Ala Carte,60.00,,,,,,,Y,Y,Y,Y
WK36M5H6VXKHDZEHIECB4CUL,Leather Clean & Condition,Three Rows of Seating,,,,Ala Carte,80.00,,,,,,,Y,Y,Y,Y
HL2FINAMIF5RBU2OT45KP2X2,Leather Dream,Regular,,,,Retail Products,19.99,,,,,,,Y,N,N,N
PP5WXKOIL5WQDEZVXFZDC733,Lumi-Gloss,Regular,,,,Retail Products,9.97,,,,,,,Y,N,N,N
QFKDY2Q32CYIW6DEAXDD7QEH,Luscious Leather,Regular,,,,Retail Products,14.97,,,,,,,Y,N,N,N
BLDG7Z7JVFUTDLFP2REW6WTF,Majestic Solutions Quick Details,Regular,,,,Retail Products,4.99,,,,,,,Y,N,N,N
M5F3UM6QXXUTEEWVX4TUTPAX,Malco Epic Heavy Duty Compound,Regular,,,,Retail Products,62.99,,,,,,,Y,N,N,N
J5MUMZU2JKHDYJLME4DUZNG3,Malco Tru-Grit Heavy Duty Compound,Regular,,,,Retail Products,31.99,,,,,,,Y,N,N,N
V5CT7UHIOJFBFJ4NICVDQKCR,"Marring, Love Mark Removal Via Polishing",Coupe,,,,Tier 3 Coating Maintenance Tasks,60.00,,,,,,,Y,N,N,N
MWBSSZTSVYCBIKDC3H5I67U6,"Marring, Love Mark Removal Via Polishing",Sedan,,,,Tier 3 Coating Maintenance Tasks,80.00,,,,,,,Y,N,N,N
DYVA3JN3Z3VRW2NQTNIHRXM6,"Marring, Love Mark Removal Via Polishing",SUV/Truck,,,,Tier 3 Coating Maintenance Tasks,105.00,,,,,,,Y,N,N,N
GHUEHTBRMLPSYX2GQFKOJXQA,"Marring, Love Mark Removal Via Polishing",Oversize,,,,Tier 3 Coating Maintenance Tasks,130.00,,,,,,,Y,N,N,N
DSNKUF2GZIVWKUNFCHLULEVL,Meguiars D149 1 Gallon,Regular,,,,Retail Products,25.99,,,,,,,Y,Y,Y,Y
DS7PYPCFDEZERIB5CUC5LBM7,Meguiars Quick Interior Detailer,Regular,,,,Retail Products,12.99,,,,,,,Y,N,N,N
TKF6R4AZ5NAWS5WC5NCYVG5K,Meguiars Soft Buff DFP5,Regular,,,,Retail Products,14.99,,,,,,,Y,Y,Y,Y
G4267DJVOSRALMRTXEG3GVQ3,Messy Job 300gsm Microfiber Towel Red,Regular,,,,Retail Products,0.75,,,,,,,Y,N,N,N
AEVGQTLGTX2KZM6L7XJACXL2,Microfiber Applicator,Regular,,,"For applying dressings, protectants, leather conditioner, ceramic coatings",Retail Products,2.99,,,,,,,Y,N,N,N
EFV6O3DNN4VRFX4JERT65NP7,Microfiber Rag 8 Pack,Regular,,,,Retail Products,14.99,,,,,,,Y,Y,Y,Y
PQHYM6T66GPZ4LUAFMZ3LTNS,Microfiber Wand,Regular,,,,Retail Products,14.95,,,,,,,Y,Y,Y,Y
MRITTG4Z47ZUQTWCB666BHSS,Microfiber Wash Mitt,Regular,,,"Chenille microfiber wash Mitt. 9""x12""",Retail Products,6.99,,,,,,,Y,Y,Y,Y
YOEJIPY54SG53G6U6UHJNTLH,Mini Detail Brush,Regular,,,,Retail Products,1.50,,,,,,,Y,Y,Y,Y
HNJ464M2644NM5DXVUODQMA7,Mini Microfiber Applicator,Regular,,,,Retail Products,variable,,,,,,,Y,N,N,N
PC5PCUP2Q7MEF4GVQKOTQBFK,Mini Microfiber Applicator,Green/Gray,,MINI MF GREEN,,Retail Products,2.15,,,2,,,,Y,N,N,N
XNTUQ7HVVYPACGAHEOSGNII3,Mini Mitt Microfiber Wheel Mitt,Regular,,,,Retail Products,2.50,,,,,,,Y,N,N,N
FFCSGCT7LFXNLW3HOYJQ7O7Z,MIST Treatment,Regular,,,,Ala Carte,80.00,,,,,,,Y,Y,Y,Y
HC2CWFW4YUZ7U3PF3GF2222G,Moneyshot Wash And Wax,Regular,,619587998930,,Retail Products,14.97,,,3,,,,Y,N,N,N
SGV5B6BWIOYACBPGV5NF772Z,Multiscraper Tool,Regular,,,,Retail Products,1.50,,,,,,,Y,N,N,N
2I5KD5IL7ZY7FSUQUW5LJCPU,Mystery Item,Regular,,,,Retail Products,0.00,,,,,,,Y,N,N,N
MDBTRTWUO5ADIGTC5GT4RJRU,Nanoskin Ceramic Boost,Regular,,816089029050,"NanoSkin Ceramic Boost is a silica-based quick detailer, designed to boost gloss and protection on your paint! To apply, simply spray this product onto a clean microfiber towel and apply to the clear coat. Lightly buff off any excess with a separate clean microfiber towel and you are all set, it is that easy! It can be applied as a stand-alone protection product, or as a topper on an existing coating layer. Just one layer can last up to 6 months! Ceramic Boost features a water-based micro-emulsion formula that can be applied to all exterior surfaces like paint, glass, trim, etc. Not only does it bead water incredibly well, but it will also repel water from the surface, making it more difficult for dirt, mud, and other road grime to stick to the surface. This keeps your paint cleaner, longer. If you are looking to protect your paint or existing coating layer, reach for the NanoSkin Ceramic Boost!",Retail Products,18.99,,,1,,,,Y,N,N,N
2KXXWOUEI22EVFBZI2J7HT7H,Nanoskin Crystal Wash,Regular,,816089029104,"The NanoSkin Crystal Wash will allow you to wash and coat your car with protection in one easy step! Having a hydrophobic form of protection on your vehicle encourages water, dirt, grime, and other contamination to slide away, rather than stick to the surface. Treated surfaces stay cleaner for longer and because dirt doesn't bond as readily, cleaning the car is much easier! With Crystal Wash, you get a high-quality, pH neutral, high-lubricity formula. Simply wash your car the same way you would with any other auto shampoo, rinse off, and stand back to admire the results. This shampoo is designed to work as a stand-alone protection product, or on top of an existing coating layer. It is safe on all surfaces including paint, rims, glass, and plastic trim. If you are looking to clean and protect your car from harmful environmental contamination, the NanoSkin Crystal Wash is a great choice!",Retail Products,11.99,,,1,,,,Y,N,N,N
57QNT7OAHY7BPZFJA2KQZMAG,Nanoskin Super Charger,Regular,,,,Retail Products,6.99,,,,,,,Y,N,N,N
ANRSARLSBL2OVLGUOD2IHUEO,One Step Primer Polish,Regular,,,,,variable,,,,,,,Y,Y,Y,Y
U5BJTK2554OEJ22QNLWL7QDS,Ozone Treatment,Regular,,$50.00,,Ala Carte,variable,,,,,,,Y,Y,Y,Y
MGAOE6HF4YCFNXUQJJXUNOP3,P&S Bead Maker,Regular,,,,Retail Products,12.99,,,,,,,Y,N,N,N
A5NPTOW4KPRXL47AKCEOJ25U,P&S Paint Gloss Showroom Spray & Shine,Regular,,,,Retail Products,9.99,,,,,,,Y,N,N,N
5EJSTPKAF4U2OFGDOLSE6NTN,Paintbrush Style Metal Free Detail Brushes,1 Inch,,,,Retail Products,3.99,,,,,,,Y,N,N,N
VDRKXPEDIOURB4XJIC2IHNH7,Paintbrush Style Metal Free Detail Brushes,2 Inch,,,,Retail Products,5.99,,,,,,,Y,N,N,N
KH5ZWAARQ5IZ4PM625V4FIW7,Paintbrush Style Metal Free Detail Brushes,3 Inch,,,,Retail Products,7.99,,,,,,,Y,N,N,N
AI2GDYJ6NUOBH3KFTQ6U5D4H,Pet Hair Removal Brick,Regular,,,,Retail Products,2.99,,,,,,,Y,N,N,N
CHPAOWHBTDEBMKAD7QYRVHOF,Pipe Dream,Regular,,,,Retail Products,19.97,,,,,,,Y,N,N,N
KTXUKBENCSXELQ4WZ2KKV4QP,Platinum Exterior Only,Regular,,,,Exterior Services,160.00,,,0,,,,Y,Y,Y,Y
3AF76L5JEPFRT4D4DRDJHFJD,Platinum Exterior Only,"Truck, SUV",,,,Exterior Services,180.00,,,0,,,,Y,Y,Y,Y
QDZ45JTMFRTVPLBERGPQ2B46,Platinum Exterior Only,Oversize,,,,Exterior Services,200.00,,,,,,,Y,Y,Y,Y
T2QQJLXXLIGUBDVIVT5RC3W5,Platinum Interior Only,Regular,,,,Exterior Services,160.00,,,0,,,,Y,Y,Y,Y
TOBOHKXHCYLAJ262KZMTBWAR,Platinum Interior Only,"Truck, SUV, Minivan",,,,Exterior Services,180.00,,,0,,,,Y,Y,Y,Y
3IDA3ZMDSROYHF5TVN4EXNMS,Platinum Interior Only,Oversize,,,,Exterior Services,200.00,,,,,,,Y,Y,Y,Y
ZW2S4BLVQM4EQ76KNK3KTMKP,Plush 480gsm Edgeless Microfiber Towel Blue,Regular,,,,Retail Products,4.00,,,,,,,Y,N,N,N
4O7J3BPOCZNYGSBXGMX6N3CS,Pressure Washer Hose Coupler,Regular,,,,Retail Products,4.99,,,,,,,Y,N,N,N
KCZE4OGSVCOPH36Y5LBYZMCP,Pro Red Heavy Cut Metal Polish,Regular,,,,Retail Products,26.97,,,,,,,Y,N,N,N
2ABMKLT6OWS4XSWYZOJ6V3GB,Rag Company Creature Edgeless 420gsm Microfiber Towel Black,Regular,,,,Retail Products,3.99,,,,,,,Y,N,N,N
IAIIRFNHMCY5SSXA2BXFDBY3,Rag Company Creature Edgeless 420gsm Microfiber Towel Blue,Regular,,,,Retail Products,3.99,,,,,,,Y,N,N,N
XG4RO5AXHXR2OJO53X3FPBIR,Random Samples - 4 Pk,Regular,,,,Retail Products,8.00,,,,,,,Y,N,N,N
5N6KLWAHHIRA3O3JV7ANGC3M,Rebel Voodoo X Iron Remover,Regular,,,,Retail Products,19.99,,,,,,,Y,N,N,N
J2SO5JPXEBO7BJWT5E326UM5,Renegade Rebel Notorious H2O Waterless Wash,Regular,,,,Retail Products,14.99,,,,,,,Y,N,N,N
LHVTGWOZBWJXTIJBH4O36NWC,"Replacement 10"" Brush Head",Regular,,079038856736,,Retail Products,10.99,,,1,,,,Y,N,N,N
657HJP6N22HK66D3KLEYO3ZT,Rubber Vinyl And Plastic,Regular,,702921987919,,Retail Products,19.97,,,2,,,,Y,N,N,N
OVKGQL2F7BFTUS3MQZM3N2IQ,Sanding/RIDS Removal,Regular,Hour 1.00,,,Tier 3 Coating Maintenance Tasks,55.00,,,,,,,Y,N,N,N
2T6G57MW53YL3KZB2RKTAUSH,Savage APC,Regular,,,,Retail Products,9.99,,,,,,,Y,N,N,N
GZELXVO5SDOGYJ3BMPPXQKLN,Scotchbrite Fine Scuff Pad,Regular,,,,Retail Products,0.50,,,,,,,Y,N,N,N
EFC25GCQ3ELUC5ZOHEVF5ARQ,Scratch Reduction/Removal,Coupe,,,,Tier 3 Coating Maintenance Tasks,225.00,,,,,,,Y,N,N,N
ITHPQRDNWC3UKH5S5VCREBFM,Scratch Reduction/Removal,Sedan,,,,Tier 3 Coating Maintenance Tasks,260.00,,,,,,,Y,N,N,N
TRZ76JXFMYQ4CLCEQ2DLPQBW,Scratch Reduction/Removal,SUV/Truck,,,,Tier 3 Coating Maintenance Tasks,300.00,,,,,,,Y,N,N,N
XXD7XOWOANEEJMPPTUFRW4XF,Scratch Reduction/Removal,Oversize,,,,Tier 3 Coating Maintenance Tasks,345.00,,,,,,,Y,N,N,N
K3OK7N3IUWHNRDT6TEXXPA4N,Scrub All,Regular,,744848202034,"An innovate cleaning medium designed to remove stubborn build ups without scratching the paint. The TUF SHINE Scrub-All No Scratch Sponge is a great tool to use on the exterior when a normal sponge or wash mitt will just work. Use it with light to medium pressure on tar, bug smear, road grime, and more to quickly and safely remove the build ups. This unique sponge is re-usable and durable so you'll be using it over and over again.",Retail Products,2.99,,,1,,,,Y,N,N,N
HISIPIRB7UQMFZFWDKB446VG,Seachoice Nonskid Deck Cleaner,Regular,,,,Retail Products,10.99,,,,,,,Y,Y,Y,Y
H6N6BUR6SDN2OQJN6QN5XL32,Shine Supply Clean And Shine,Regular,,,,Retail Products,12.00,,,,,,,Y,Y,Y,Y
MQOB6TP7JFAVVJGB5OUU6NIL,Shine Supply Cloud 9,Regular,,,,,22.00,,,,,,,Y,Y,Y,Y
A2K54SPEPF52ZMQCMGHYD2CK,Shine Supply Cool Guy,Regular,,,,,15.00,,,,,,,Y,Y,Y,Y
TJ3P3RPHREETXMSYABUZC2MP,Shine Supply Leather And Interior Cleaner,Regular,,,,Retail Products,16.00,,,,,,,Y,Y,Y,Y
UJTREGFHFYUDA5PTTD3T7FPC,Shine Supply Leather Conditioner,Regular,,,,Retail Products,16.00,,,,,,,Y,Y,Y,Y
FHORSJNA6V2LPTASW2PJ6TW3,Shine Supply Ride Shine,Regular,,,,Retail Products,13.00,,,,,,,Y,Y,Y,Y
VA4VXKFWGJEV7ENUAGJPES3J,Shine Supply Shift,Regular,,,,Retail Products,16.00,,,,,,,Y,N,N,N
5KU52JQZHVJUR3TSAZI6CR7B,Shine Supply Shift Soap,Regular,,,,Retail Products,60.00,,,-1,,,,Y,N,N,N
YIXKWIJ3PA37MUE752ZVZBIP,Shine Supply Shine Mist,Regular,,,,,11.00,,,,,,,Y,Y,Y,Y
75SVOHCCUEND5JQPW4TMRYN2,Shine Supply Shine Soap,Regular,,,,Retail Products,10.00,,,,,,,Y,Y,Y,Y
IPOHG7V2447FEKUHOWX7KKHC,Shine Supply Smooth Move,Regular,,,,Retail Products,15.00,,,,,,,Y,Y,Y,Y
KR6RLEH37XY3EVNXAKY3LL4S,Shine Supply Spiked Punch,16 Oz,,,,Retail Products,18.00,,,,,,,Y,N,N,N
CY4PJGHOFB3QBG4ZLV4JECX2,Shine Supply Spiked Punch,1 Gallon,,,,Retail Products,80.00,,,,,,,Y,N,N,N
3FRQHOQRK6QZDWPHGKUHPIMO,Shine Supply Trim Shine,Regular,,,,,15.00,,,,,,,Y,Y,Y,Y
J3SI5ZB3QRY3PAVUM27EGWPW,Silicone Pet Hair Removal Brush,Regular,,,,Retail Products,14.99,,,,,,,Y,N,N,N
6XZIZI7OTHM5OYRY5I3MVF7X,Silver Exterior Only,Regular,,,,Exterior Services,60.00,,,0,,,,Y,Y,Y,Y
VRACHL2BDFMSHF7JFFGKPVAU,Silver Exterior Only,SUV,,,,Exterior Services,70.00,,,0,,,,Y,Y,Y,Y
RE23UJBJ7OP3YJ2A6U4OIC6A,Silver Exterior Only,Oversize,,,,Exterior Services,80.00,,,,,,,Y,Y,Y,Y
T4RX7Z7CWUJDIIUBOSAMVNN5,Silver Interior Only,Regular,,,,Exterior Services,60.00,,,0,,,,Y,Y,Y,Y
IUPOQCAKQO6DQ33UEQYVMOFF,Silver Interior Only,"Truck, SUV",,,,Exterior Services,70.00,,,0,,,,Y,Y,Y,Y
32P56ECAYJ5VVHQDA3UT2FQR,Silver Interior Only,Oversize,,,,Exterior Services,80.00,,,,,,,Y,Y,Y,Y
VERZ2FRDY3RIOSEJMFLR3LQT,SOLO Polishing Compound,Regular,,,,Retail Products,37.99,,,1,,,,Y,N,N,N
BF2OIL2ZCGVJK3DRF4D5QW2D,Sonax Wheel Cleaner,Regular,,,,Retail Products,16.99,,,,,,,Y,N,N,N
RYE44HIP5ZHKMB4SVGBSYO6I,Speedy Stone,Regular,,,,Retail Products,8.99,,,,,,,Y,N,N,N
VEV2UP5QWELBKXTOPLCXPUJ7,Sprayway Gel Vandal,Regular,,,,Retail Products,14.99,,,,,,,Y,N,N,N
INDXNSCXMR5QL3DJYGW2SACT,Starke Replenish 16oz,Regular,,s rep 16oz,"Replenish is an easy to use, carbon-infused SiO2 maintenance coating that can be used as a spray-on, hose off (Hydro) wipe less application or spray-on, wipe off application.
Replenish is formulated with true nano technology that leaves the surface glassy and with extreme slickness.
Replenish is safe to use on gel coat, paint, metal, plastic and glass. This product can be used to thicken any ceramic coating or silica based sealant and should be applied every 1-3 months! Use more frequently in high profile areas. Can be layered for increased gloss and protection.",Retail Products,29.99,,,1,,,,Y,N,N,N
HVGDHOJC35WCSJALZFQOHZTC,Terrashield Applicator Block,Single,,,,Retail Products,2.00,,,11,,,,Y,Y,Y,Y
7MTGHQ36VDLLAULHQ773JRL2,Terrashield Applicator Block,3 pack,,,,Retail Products,5.00,,,3,,,,Y,Y,Y,Y
D2YYWYOSAP75FQSFNPUDK54Z,Terrashield Ceramic Coating,30 ml,,,,Retail Products,54.95,,,,,,,Y,Y,Y,Y
U7D5QOHN5EHNKDFYG6MN43VM,Terrashield Ceramic Coating,50 ml,,,,Retail Products,79.95,,,,,,,Y,Y,Y,Y
AHN2KIUMW7AYQ22YI6JNFJRP,Terrashield Detailer Spray,16 oz,,TER DET 16,,Retail Products,15.95,,,1,,,,Y,Y,Y,Y
M5OSSROYGSKIE55IABPSDQ57,Terrashield Detailer Spray,1 gallon,,TER DET 1gal,,Retail Products,64.95,,,1,,,,Y,Y,Y,Y
NNWTTR5SMK56VWWDNVAOLZSB,Terrashield Kit,30 ml,,,,Retail Products,79.95,,,,,,,Y,Y,Y,Y
LO22PRW3AHCWDPANXAESEEQS,Terrashield Kit,50 ml,,,,Retail Products,94.95,,,,,,,Y,Y,Y,Y
BBM5J734KONR64WFH6KTQZTS,Terrashield Suede 5 Pack,Regular,,,,Retail Products,6.49,,,4,,,,Y,Y,Y,Y
2QXAGIBC7VTOFTK2F6WH5WE5,Terrashield Wash Concentrate,16 oz,,TER WASH 16,,Retail Products,14.95,,,0,,,,Y,Y,Y,Y
7KWWWAZWG5EMWXLYQVAVELPZ,Terrashield Wash Concentrate,1 gallon,,,,Retail Products,49.95,,,,,,,Y,Y,Y,Y
UTCJJSHLNISCNDNYKRTZT2O2,Tier 1 Basic,Coupe,,,,Coating Maintenance Services,40.00,,,,,,,Y,N,N,N
F6HLIDBTUAIWJW5VXF7J7U7A,Tier 1 Basic,Sedan,,,,Coating Maintenance Services,55.00,,,,,,,Y,N,N,N
6X665HRNR7VX2LTEBXHMRTS5,Tier 1 Basic,SUV/Truck,,,,Coating Maintenance Services,70.00,,,,,,,Y,N,N,N
LZZCQXJNDIRVQUB3K24IAGXH,Tier 1 Basic,Oversize,,,,Coating Maintenance Services,90.00,,,,,,,Y,N,N,N
DLQYA5IW42O5SMAE2ZO45B6X,Tier 2 Full,Coupe,,,,Coating Maintenance Services,70.00,,,,,,,Y,N,N,N
M7LYFY5GYA4UEM5BUX4P2RY5,Tier 2 Full,Sedan,,,,Coating Maintenance Services,85.00,,,,,,,Y,N,N,N
HXRLS5TH5TOKRIAV4XGPZI2J,Tier 2 Full,SUV/Truck,,,,Coating Maintenance Services,105.00,,,,,,,Y,N,N,N
YSCUNCVDIBAGD4VYFXI36H5B,Tier 2 Full,Oversize,,,,Coating Maintenance Services,127.00,,,,,,,Y,N,N,N
GY6MSQYLITJIXMN7YKSBA2SQ,Tire Coating,Regular,,,,Highline and Concours Level Services,variable,,,,,,,Y,Y,Y,Y
6HWF5E5363YO4QR36U4YCZTL,Tire Dressing Applicator,Regular,,TIRE DRESS ,,Retail Products,2.99,,,4,,,,Y,N,N,N
JLXLQYACUH6TKTTR5FKBKA2S,Undercarriage Wash,Regular,,,,Add-On Services,20.00,,,,,,,Y,Y,Y,Y
LYEZALWIQ5HZV2ITNTSYXXLW,Upholstery Iron,Regular,,,,Retail Products,5.99,,,,,,,Y,N,N,N
KJN3FKYQSW6L6SCGWYK2PKZN,VIV Bronze Exterior Only,Sedan,,,,VIV Clients,30.00,,,,,,,Y,Y,Y,Y
HFBCKDV226NRALHVCXDO2TU2,VIV Bronze Exterior Only,SUV/Truck,,,,VIV Clients,40.00,,,,,,,Y,Y,Y,Y
J76QR6AQGKDRIHAXZT5RCXRG,VIV Bronze Exterior Only,Oversize,,,,VIV Clients,50.00,,,,,,,Y,Y,Y,Y
26ZIDUPHZXTZ6BIDROPWWSER,VIV Bronze Interior Only,Sedan,,,,VIV Clients,30.00,,,,,,,Y,Y,Y,Y
DQCMFN33F4WAJBCVSDNTVWRY,VIV Bronze Interior Only,SUV/Truck,,,,VIV Clients,40.00,,,,,,,Y,Y,Y,Y
Z6SD6UQB5ETMF55O5TFCSVDP,VIV Bronze Interior Only,Oversize,,,,VIV Clients,50.00,,,,,,,Y,Y,Y,Y
OO3H6I2X7IH262P5JMJPJ6VT,VIV Bronze Service,Compact,,,,VIV Clients,40.00,,,,,,,Y,Y,Y,Y
ILDL2DLZQHAAX4UX57RWGIEO,VIV Bronze Service,Sedan,,,,VIV Clients,55.00,,,,,,,Y,Y,Y,Y
SY626BOHIUZRS7TEJ7IOWNUQ,VIV Bronze Service,SUV/Truck,,,,VIV Clients,70.00,,,,,,,Y,Y,Y,Y
JKPMNLTDECDIEB6RCBRZ7AIK,VIV Bronze Service,Oversize,,,,VIV Clients,90.00,,,,,,,Y,Y,Y,Y
N7IA754NCNNU4RR4YFJETEXZ,VIV Diamond Exterior Only,Sedan,,,,VIV Clients,240.00,,,,,,,Y,Y,Y,Y
VS3DHWSBW34FFVRSV3BMMDJT,VIV Diamond Exterior Only,SUV/Truck,,,,VIV Clients,270.00,,,,,,,Y,Y,Y,Y
ZRBKFVTIGKXMLKTS6TFSRC52,VIV Diamond Exterior Only,Oversize,,,,VIV Clients,300.00,,,,,,,Y,Y,Y,Y
EC3VLRF6BUKTYQZ6OBFDUBS2,VIV Diamond Interior Only,Sedan,,,,VIV Clients,240.00,,,,,,,Y,Y,Y,Y
SK24QDF3I372YSYUXXPJAHSF,VIV Diamond Interior Only,SUV/Truck,,,,VIV Clients,270.00,,,,,,,Y,Y,Y,Y
XBCCBKSZVDQTVTKAM6MPQIRS,VIV Diamond Interior Only,Oversize,,,,VIV Clients,300.00,,,,,,,Y,Y,Y,Y
THFHTOORHCDFZQBNYRMHWTUV,VIV Diamond Service,Sedan,,,,VIV Clients,350.00,,,,,,,Y,Y,Y,Y
LQ65ITWRWPLH7NJGY3QJMUMU,VIV Diamond Service,SUV/Truck,,,,VIV Clients,400.00,,,,,,,Y,Y,Y,Y
GBLHD66PGVA7K4J5AM6WEDLA,VIV Diamond Service,Oversize,,,,VIV Clients,450.00,,,,,,,Y,Y,Y,Y
OMLRGWSE3MBY5KCVFFJ2YVXJ,VIV Gold Exterior Only,Sedan,,,,VIV Clients,90.00,,,,,,,Y,Y,Y,Y
G6ZAPANAW5QLG3BOO7TEL3QS,VIV Gold Exterior Only,SUV/Truck,,,,VIV Clients,110.00,,,,,,,Y,Y,Y,Y
5WTIK542PQWBQGVG7RPJVO3U,VIV Gold Exterior Only,Oversize,,,,VIV Clients,130.00,,,,,,,Y,Y,Y,Y
NJVEXS7WYOB3I4AXVFEROFI5,VIV Gold Interior Only,Sedan,,,,VIV Clients,90.00,,,,,,,Y,Y,Y,Y
QACZD53WIYV7T3KM2YWWS35K,VIV Gold Interior Only,SUV/Truck,,,,VIV Clients,110.00,,,,,,,Y,Y,Y,Y
HRS7XCWTOCB26NVUZTTOXH55,VIV Gold Interior Only,Oversize,,,,VIV Clients,130.00,,,,,,,Y,Y,Y,Y
HH4JKMVU2WY5U2NDET3G5V6E,VIV Gold Service,Sedan,,,,VIV Clients,140.00,,,,,,,Y,Y,Y,Y
A6ZTU7D6447HJRTH52BXOWEL,VIV Gold Service,SUV/Truck,,,,VIV Clients,160.00,,,,,,,Y,Y,Y,Y
4ML54TMHNMPXDBEB5HBS5H5O,VIV Gold Service,Oversize,,,,VIV Clients,180.00,,,,,,,Y,Y,Y,Y
FGIVEVWQERRBAMD2PPLCYIKG,VIV Platinum Exterior Only,Sedan,,,,VIV Clients,130.00,,,,,,,Y,Y,Y,Y
MJ74HH73PD4C7UBIGRVTZFWF,VIV Platinum Exterior Only,SUV/Truck,,,,VIV Clients,150.00,,,,,,,Y,Y,Y,Y
WQ2P4PEPNLQ4N5RK3JPEFIOO,VIV Platinum Exterior Only,Oversize,,,,VIV Clients,170.00,,,,,,,Y,Y,Y,Y
SYOC23LH4TISYEX75SXAIYTI,VIV Platinum Interior Only,Sedan,,,,VIV Clients,130.00,,,,,,,Y,Y,Y,Y
7KE2ZJX62LXMBCH3E4BDS2XM,VIV Platinum Interior Only,SUV/Truck,,,,VIV Clients,150.00,,,,,,,Y,Y,Y,Y
FBNRXU7IVJTYZZO2YIB4BTYF,VIV Platinum Interior Only,Oversize,,,,VIV Clients,170.00,,,,,,,Y,Y,Y,Y
W3NJG5HNEQ6JKM73KF7NVPUY,VIV Platinum Service,Sedan,,,,VIV Clients,200.00,,,,,,,Y,Y,Y,Y
2J2LH7EXZ7IN5LSH2TCXA42N,VIV Platinum Service,SUV/Truck,,,,VIV Clients,230.00,,,,,,,Y,Y,Y,Y
YJH53VMIJBBBEWD2AJO3RWO5,VIV Platinum Service,Oversize,,,,VIV Clients,260.00,,,,,,,Y,Y,Y,Y
XM6JA6FGJYOLWLXVMJ2HZDLJ,VIV Silver Exterior Only,Sedan,,,,VIV Clients,50.00,,,,,,,Y,Y,Y,Y
DSP7SLGSCZAQ3HECWMCFASAR,VIV Silver Exterior Only,SUV/Truck,,,,VIV Clients,60.00,,,,,,,Y,Y,Y,Y
57GG4ASJN55L6VQQJJBUYCUV,VIV Silver Exterior Only,Oversize,,,,VIV Clients,70.00,,,,,,,Y,Y,Y,Y
GC2QNSK4K4GU2F5VHQW5PDCH,VIV Silver Interior Only,Sedan,,,,VIV Clients,50.00,,,,,,,Y,Y,Y,Y
SUU4ZFEGUWXZCISODSI6MBSL,VIV Silver Interior Only,SUV/Truck,,,,VIV Clients,60.00,,,,,,,Y,Y,Y,Y
PRGYQSUKEEUBKFD3C2GZCBX2,VIV Silver Interior Only,Oversize,,,,VIV Clients,70.00,,,,,,,Y,Y,Y,Y
46IYTS3PCL5ZWSY7RLQ5IAFZ,VIV Silver Service,Sedan,,,,VIV Clients,60.00,,,,,,,Y,Y,Y,Y
R7FGXXGO34YQJAPWACQA4PES,VIV Silver Service,SUV/Truck,,,,VIV Clients,70.00,,,,,,,Y,Y,Y,Y
CQMJUSPEHREEEYJIHCOUSFC3,VIV Silver Service,Oversize,,,,VIV Clients,80.00,,,,,,,Y,Y,Y,Y
VHXOHPUMA3IVSDEVBOA5NVYN,Vvash Tire Shine,Regular,,,,Retail Products,17.99,,,,,,,Y,N,N,N
AJFQDZZZFVPYL4BBS7O3PFVZ,Water Spot Removal Treatment,Coupe,,,,Tier 3 Coating Maintenance Tasks,20.00,,,,,,,Y,N,N,N
2V3QBBLJDAYSAISHAV52RTZS,Water Spot Removal Treatment,Sedan,,,,Tier 3 Coating Maintenance Tasks,30.00,,,,,,,Y,N,N,N
JDTIJEUO6XGWJJ4MJWSE4CZ7,Water Spot Removal Treatment,SUV/Truck,,,,Tier 3 Coating Maintenance Tasks,40.00,,,,,,,Y,N,N,N
JSVDAP2RPOLEPFA36QTS3EYS,Water Spot Removal Treatment,Oversize,,,,Tier 3 Coating Maintenance Tasks,50.00,,,,,,,Y,N,N,N
RZWNYETEG5HFHMKTYABIM3TO,Wax And Sealant Hand Applicator,Regular,,,,Retail Products,2.99,,,,,,,Y,N,N,N
ZG6OV6NWLHYYRJ66VAJIRIUX,Wayer Spot Polishing,Coupe,,,,Tier 3 Coating Maintenance Tasks,75.00,,,,,,,Y,N,N,N
AK7373RM327LOLY3IIZVC25T,Wayer Spot Polishing,Sedan,,,,Tier 3 Coating Maintenance Tasks,90.00,,,,,,,Y,N,N,N
PPUO2AYTKXMNIEPKDCAHCUIC,Wayer Spot Polishing,SUV/Truck,,,,Tier 3 Coating Maintenance Tasks,115.00,,,,,,,Y,N,N,N
CMGEDEUMJX2FIDRF7WRDUYWJ,Wayer Spot Polishing,Oversize,,,,Tier 3 Coating Maintenance Tasks,130.00,,,,,,,Y,N,N,N
LKLEEPVXLUTQZPNVE676STDN,Wheel Cleaning Brush,Regular,,,"Synthetic nylon bristles
For cleaning tight areas and the lugs of the wheels",Retail Products,4.99,,,,,,,Y,N,N,N
O3WEJLL6GNPRGDLRW3PW6BSS,Wheel Polishing,Regular,Hour 1.00,,,Ala Carte,68.00,,,,,,,Y,Y,Y,Y
2BCL7OU53XNAV5MM66KC4A7D,Wheel Spoke Brush,Regular,,,,Retail Products,9.99,,,,,,,Y,N,N,N
UUWY7LZWRHHNJTYJOHRTW4UA,Wheel Woolie 12 Inch,Regular,,,,Retail Products,17.99,,,,,,,Y,N,N,N
LIKPMEYJIJYLAAPC3AIAHXBW,Wheel Woolie 18 Inch,Regular,,,,Retail Products,22.99,,,,,,,Y,N,N,N
YXWKKP3VJR6FAYLNP52XQVZY,Wheel Woolie 8 Inch,Regular,,,,,15.99,,,,,,,Y,N,N,N
M2RY4IEZKWIKALC4X4VPDJC5,Whole Wheel Coating (with Uninstall and Reinstall),Regular,,,,Highline and Concours Level Services,variable,,,,,,,Y,Y,Y,Y
4XDZVFNN3PZ2KZYOU2VEUUTU,Window Polishing,Regular,Hour 1.00,,,Add-On Services,35.00,,,,,,,Y,Y,Y,Y
RNS5JOLGUA7O65XOXOVKXPWD,Xtreme Shine,16oz,,,,Retail Products,10.99,,,,,,,Y,N,N,N
MRWMWGCBQMHQ42J6W2SME5AI,Xtreme Shine,1 Gallon,,,,Retail Products,29.99,,,,,,,Y,N,N,N
TCYGN6ZFIPZVLQAHA7WRTXLY,Yellow 300gsm General Purpose Microfiber Towel,Regular,,,,Retail Products,1.80,,,,,,,Y,N,N,N
BFN7GEGVHJDSMCYQYJ4KSF62,Zep 40,Regular,,,,Retail Products,18.99,,,,,,,Y,Y,Y,Y
